"Rank","Name","Symbol","marketcap","price (USD)","country"
"1","Microsoft","MSFT","3781236359168","509.22","United States"
"2","Tencent","TCEHY","507383610000","56.17","China"
"3","Sony","SONY","136371617792","23.33","Japan"
"4","NetEase","NTES","77505593344","121.04","China"
"5","Sea Limited","SE","60580847616","98.91","Singapore"
"6","Nintendo","7974.T","58565445286","50.134","Japan"
"7","Take-Two Interactive","TTWO","37835493376","202.35","United States"
"8","Roblox","RBLX","29903777792","41.86","United States"
"9","Aristocrat","ALL.AX","24517252055","41.2578","Australia"
"10","Bandai Namco","7832.T","22883525079","35.6794","Japan"
"11","Konami Holdings","9766.T","18091932496","133.464","Japan"
"12","Unity Software","U","17541945344","39.86","United States"
"13","Zhejiang Century Huatong","002602.SZ","15220054848","2.06495","China"
"14","Nexon","3659.T","12952602613","16.6298","Japan"
"15","GameStop","GME","12087842816","23.96","United States"
"16","Capcom","9697.T","11633415954","27.8106","Japan"
"17","Kunlun Tech","300418.SZ","7883943147","6.1352","China"
"18","International Games System","3293.TWO","6869101370","24.3757","Taiwan"
"19","Square Enix","9684.T","6684012203","18.5319","Japan"
"20","CD Projekt","CDR.WA","6373146634","63.7885","Poland"
"21","Krafton","259960.KS","6319054824","145.404","South Korea"
"22","Giant Network Group","002558.SZ","6310459800","3.32031","China"
"23","37 Interactive Entertainment","002555.SZ","5636799347","2.54801","China"
"24","Kingnet Network","002517.SZ","5045512634","2.36164","China"
"25","Kingsoft","3888.HK","4298622173","3.16918","China"
"26","Sega Sammy Holdings","6460.T","4227481337","20.8246","Japan"
"27","CyberAgent","4751.T","3892017313","7.67506","Japan"
"28","Asmodee Group AB","ASMDEE-B.ST","3864041308","16.3232","Sweden"
"29","G-bits Network Technology","603444.SS","3625148064","50.3206","China"
"30","Entain","ENT.L","3619654063","5.65618","Isle of Man"
"31","Koei Tecmo","3635.T","3519450850","10.5298","Japan"
"32","Kadokawa","9468.T","3426380511","23.3142","Japan"
"33","NCsoft","036570.KS","2956888260","151.846","South Korea"
"34","Perfect World Entertainment","002624.SZ","2750640895","1.41788","China"
"35","Hacksaw AB","HACK.ST","2496745482","8.6334","Sweden"
"36","XD Inc.","2400.HK","2337579424","4.93862","China"
"37","Netmarble","251270.KS","2066038519","25.2157","South Korea"
"38","YOOZOO Interactive","002174.SZ","1957518153","1.99785","China"
"39","Zhejiang Jinke Tom Culture Industry","300459.SZ","1839887925","0.523318","China"
"40","Embracer Group","EMBRAC-B.ST","1838948009","8.40251","Sweden"
"41","Tianyu Digital Technology (Dalian)","002354.SZ","1790955101","1.08242","China"
"42","Hangzhou Shunwang Technology","300113.SZ","1618266858","2.40041","China"
"43","Ourpalm","300315.SZ","1594564568","0.588919","China"
"44","Paradox Interactive","PDX.ST","1578615866","15.1085","Sweden"
"45","Nazara Technologies","NAZARA.NS","1549438368","4.0277","India"
"46","Mixi","2121.T","1538808311","23.5618","Japan"
"47","DeNA","2432.T","1476468404","15.9598","Japan"
"48","Modern Times Group (MTG)","MTG-B.ST","1470113797","12.418","Sweden"
"49","Corsair Gaming","CRSR","1460388992","13.5","United States"
"50","Pearl Abyss","263750.KQ","1459181580","23.9273","South Korea"
"51","Playtech","PTEC.L","1426881734","5.13548","Isle of Man"
"52","Spin Master","TOY.TO","1403233061","14.0298","Canada"
"53","Sun Corp","6736.T","1322113778","61.4132","Japan"
"54","SHIFT UP","462870.KS","1316759331","22.8966","South Korea"
"55","Happinet","7552.T","1302474994","30.0715","Japan"
"56","NHN Corp","181710.KS","1217537536","40.0507","South Korea"
"57","Sichuan Xunyou Network Technology","300467.SZ","990393580","4.87387","China"
"58","DoubleUGames","192080.KS","840838712","43.2164","South Korea"
"59","Ubisoft","UBI.PA","827275165","5.95179","France"
"60","everplay group plc","EVPL.L","820944245","5.69725","United Kingdom"
"61","GungHo Online Entertainment","3765.T","815145868","15.5661","Japan"
"62","Playtika","PLTK","812420736","2.13","Israel"
"63","Shen Zhen Shengxunda Technology (gamexun)","300518.SZ","790249231","3.96291","China"
"64","Kakao Games","293490.KQ","740198871","6.95733","South Korea"
"65","Shenzhen Bingchuan Network","300533.SZ","679769155","2.07091","China"
"66","DoubleDown Interactive","DDI","648654528","13.09","United States"
"67","Huya","HUYA","538943936","2.36","China"
"68","NetDragon Websoft","0777.HK","516422372","0.981605","China"
"69","Hangzhou Electronic Soul Network Technology","603258.SS","512878164","2.11266","China"
"70","Nat Games (Nexon Games)","225570.KQ","507904182","8.07639","South Korea"
"71","Gravity Co.","GRVY","464256000","66.81","South Korea"
"72","Gree","3632.T","460546626","2.68008","Japan"
"73","Soft-World International","5478.TWO","457579998","3.05404","Taiwan"
"74","Kaiser (China) Culture","002425.SZ","447866256","0.468154","China"
"75","IGG Inc","0799.HK","433927534","0.393917","Singapore"
"76","PlayWay","PLW.WA","412728578","61.9155","Poland"
"77","Shenzhen Zqgame","300052.SZ","399784272","1.52672","China"
"78","Sohu.com","SOHU","393856736","13.1","China"
"79","Wemade","112040.KQ","377090439","11.1538","South Korea"
"80","Bushiroad","7803.T","365868172","2.71819","Japan"
"81","GuangZhou Wahlap Technology","301011.SZ","360396868","2.33331","China"
"82","Stillfront Group","SF.ST","359047715","0.697197","Sweden"
"83","COLOPL","3668.T","352736820","2.74359","Japan"
"84","Zengame Technology","2660.HK","317439551","0.303405","China"
"85","Com2uS","078340.KQ","315975085","27.6084","South Korea"
"86","7Road","0797.HK","302590096","0.130031","China"
"87","Remedy Entertainment","REMEDY.HE","293630398","21.6056","Finland"
"88","Akatsuki Inc","3932.T","285412794","7.90687","Japan"
"89","Boyaa Interactive","0434.HK","283101747","0.391367","China"
"90","Qingci Games","6633.HK","276733158","0.400291","China"
"91","Frontier Developments","FDEV.L","271400146","8.0159","United Kingdom"
"92","Huuuge","HUG.WA","261920707","5.85335","United States"
"93","Neowiz Games","095660.KQ","260256652","13.2962","South Korea"
"94","Webzen","069080.KQ","243119120","8.59175","South Korea"
"95","FuRyu","6238.T","240546949","9.08179","Japan"
"96","Wayi International Digital Entertainment","3086.TWO","239310010","0.877524","Taiwan"
"97","Gamania Digital","6180.TWO","219104336","1.2927","Taiwan"
"98","Digital Bros","DIB.MI","212133815","14.7828","Italy"
"99","Homeland Interactive Technology","3798.HK","209038024","0.165725","China"
"100","GDEV Inc.","GDEV","194210224","10.7","Cyprus"
"101","Marvelous","7844.T","189011609","3.37868","Japan"
"102","X-Legend Entertainment","4994.TW","171627199","2.58539","Taiwan"
"103","Nihon Falcom","3723.T","170700687","17.2999","Japan"
"104","Ten Square Games","TEN.WA","163677865","25.6767","Poland"
"105","Archosaur Games","9990.HK","159168134","0.198871","China"
"106","Bank of Innovation","4393.T","152702120","38.4229","Japan"
"107","Userjoy Technology","3546.TWO","140281153","2.28659","Taiwan"
"108","Skillz","SKLZ","137970800","8.84","United States"
"109","Enad Global 7","EG7.ST","128084636","1.44559","Sweden"
"110","CI Games","CI7.F","126656655","0.578804","Poland"
"111","UNITED","2497.T","119368238","3.18815","Japan"
"112","Devsisters","194480.KQ","114953019","10.4838","South Korea"
"113","Azerion Group","AZRN.AS","114034203","0.932454","Netherlands"
"114","Ateam","3662.T","111428410","5.99525","Japan"
"115","Gaming Realms","GMR.L","109847720","0.410732","United Kingdom"
"116","Inspired Entertainment","INSE","106434672","3.99","United States"
"117","Bloober Team","6BO.SG","104468308","5.41847","Poland"
"118","Softstar Entertainment","6111.TWO","103073373","1.16846","Taiwan"
"119","coly","4175.T","102045710","18.5446","Japan"
"120","Drecom","3793.T","99917791","3.5057","Japan"
"121","GCL Global Holdings Ltd","GCL","97286616","0.76","Singapore"
"122","FriendTimes","6820.HK","95954052","0.0458932","China"
"123","KLab","3656.T","94526966","1.13681","Japan"
"124","CyberStep","3810.T","93119459","1.13681","Japan"
"125","BAIOO Family Interactive","2100.HK","92860851","0.0325077","China"
"126","Golden Matrix Group","GMGI","89996768","0.6372","United States"
"127","iDreamSky","1119.HK","89765871","0.043981","China"
"128","Creepy Jar","CRJ.WA","82236374","117.587","Poland"
"129","Pullup Entertainment","ALPUL.PA","75264424","9.41551","France"
"130","Feiyu Technology International Company","1022.HK","74711972","0.0427062","China"
"131","11 bit studios","11B.WA","74202180","30.6976","Poland"
"132","CMGE Technology Group","0302.HK","73941064","0.0237115","China"
"133","gumi","3903.T","68806335","1.27653","Japan"
"134","Artifex Mundi","ART.WA","66143603","5.50215","Poland"
"135","Imagineer","4644.T","63053048","6.54143","Japan"
"136","Chinese Gamer International","3083.TWO","61748513","0.713971","Taiwan"
"137","tinyBuild","8Z3.F","61715801","0.156925","United States"
"138","Sino-Entertainment Technology","6933.HK","60018500","0.140229","China"
"139","Trophy Games","TGAMES.CO","58375687","2.06002","Denmark"
"140","MacroWell OMG Digital Entertainment","3687.TWO","57701303","1.91546","Taiwan"
"141","Playstudios","MYPS","55291872","0.4603","United States"
"142","Gamesparcs","6542.TWO","52872385","1.28955","Taiwan"
"143","Fire Rock","1909.HK","52778438","0.217355","China"
"144","The9","NCTY","51012232","3.34","China"
"145","Aiming Inc","3911.T","50978233","1.09235","Japan"
"146","CMON","1792.HK","49887741","0.20142","Singapore"
"147","G5 Entertainment","G5EN.ST","49153877","6.6156","Sweden"
"148","Mobile Factory","3912.T","45159681","6.95424","Japan"
"149","Devolver Digital","DEVO.L","43951345","0.0910898","United States"
"150","Bragg Gaming Group","BRAG","42246228","1.36","Canada"
"151","Nippon Ichi Software","3851.T","42228156","8.34508","Japan"
"152","Kayak Inc","3904.T","41296103","2.68008","Japan"
"153","People Can Fly","PCF.WA","39445582","0.85589","Poland"
"154","geechs","7060.T","38261562","3.76608","Japan"
"155","Netgem","ALNTG.PA","37750118","1.12804","France"
"156","5th Planet Games","5PG.OL","36513339","0.135799","Denmark"
"157","Axel Mark","3624.T","35257779","0.539827","Japan"
"158","Gala Incorporated","4777.T","35062718","1.25113","Japan"
"159","PlaySide Studios","PLY.AX","33447487","0.0736997","Australia"
"160","Asphere Innovations","AS.BK","32985948","0.0660714","Thailand"
"161","Ourgame International","6899.HK","32563594","0.030213","China"
"162","Silicon Studio","3907.T","32320934","11.7746","Japan"
"163","Aeria","3758.T","31513982","1.56232","Japan"
"164","Tose Software","4728.T","30951594","4.08363","Japan"
"165","Appirits","4174.T","30580346","7.51312","Japan"
"166","CAVE Interactive","3760.T","28491703","4.6171","Japan"
"167","FingerTango","6860.HK","27386237","0.0142779","China"
"168","Edia","3935.T","26628111","4.69967","Japan"
"169","CROOZ","2138.T","25338436","2.64833","Japan"
"170","MAG Interactive","MAGI.ST","23713235","0.893457","Sweden"
"171","Snail Inc","SNAL","21673064","2.42","China"
"172","TENDA","4198.T","21582194","3.25166","Japan"
"173","Fun Yours Technology","6482.TWO","21029588","0.734415","Taiwan"
"174","PopReach","INIK.V","20707052","0.0352684","Canada"
"175","Yuke's","4334.T","20316769","2.41334","Japan"
"176","Motorsport Gaming","MSGM","20282506","4.42","United States"
"177","BoomBit","BBT.WA","19314657","1.3996","Poland"
"178","NJ Holdings","9421.T","18050687","3.41043","Japan"
"179","Ultimate Games","ULG.WA","17347390","3.3169","Poland"
"180","Starbreeze","STAR-B.ST","17318539","0.0106612","Sweden"
"181","Games Operators","GOP.WA","16237621","2.95269","Poland"
"182","Forever Entertainment","8FE.SG","16181634","0.584489","Poland"
"183","AltPlus","3672.T","15976885","0.177825","Japan"
"184","GigaMedia","GIGM","15915219","1.44","Taiwan"
"185","Mobcast","3664.T","15480442","0.152422","Japan"
"186","Mynet","3928.T","14606753","1.53057","Japan"
"187","iCandy Interactive","ICI.AX","14449613","0.0112852","Australia"
"188","All in! Games","ALG.WA","14125343","0.186787","Poland"
"189","WonderPlanet","4199.T","13002156","5.09977","Japan"
"190","Thunderful Group","THUNDR.ST","12968314","0.0317955","Sweden"
"191","Forgame","0484.HK","12876875","0.0764887","China"
"192","Gaming Corps","GCOR.ST","11154891","0.0766967","Sweden"
"193","Digital Hollywood Interactive","2022.HK","10913276","0.00586413","China"
"194","Netmarble Joybomb","6468.TWO","10795915","0.94","Taiwan"
"195","Voltage","3639.T","9717558","1.49246","Japan"
"196","enish","3667.T","9677581","0.177825","Japan"
"197","Linekong Interactive","8267.HK","9326468","0.0252413","China"
"198","Infinities Tech (Jiu Zun Digital)","1961.HK","9267343","0.0126206","China"
"199","InterServ International","6169.TWO","8903551","0.380575","Taiwan"
"200","Vivid Games","VVD.WA","8899708","0.160252","Poland"
"201","Nacon","NACON.PA","7669764","0.069138","France"
"202","Astro Corporation","3064.TWO","7038995","0.540983","Taiwan"
"203","Super League Enterprise","SLE","6831334","4.03","United States"
"204","Versus Systems","VS","6461151","1.04","Canada"
"205","Gaming Factory","GIF.WA","6426834","1.05744","Poland"
"206","Don't Nod Entertainment","ALDNE.PA","5600833","0.432113","France"
"207","East Side Games","EAGR.TO","5127331","0.0493757","Canada"
"208","Nitro Games","NITRO.ST","4984452","0.199983","Finland"
"209","Gameone","8282.HK","4723175","0.0828627","Hong Kong"
"210","Fragbite Group","FRAG.ST","4702881","0.582253","Sweden"
"211","ManyDev Studio","MAN.WA","4583202","0.160252","Poland"
"212","Qiiwi Games","QIIWI.ST","4503427","0.486884","Sweden"
"213","Big Cheese Studio","BCS.WA","4281351","1.03539","Poland"
"214","PunkPirates","PUN.WA","3942991","0.13","Poland"
"215","Blue Hat Interactive Entertainment Technology","BHAT","2091312","0.675","China"
"216","BigBen Interactive","BIG.PA","2034280","0.10962","France"
"217","Playgon Games","DEAL.V","1987899","0.00352684","Canada"
"218","Maximum Entertainment","8R7.F","1406487","0.0275188","Sweden"
"219","Playground Ventures","PLAY.CN","893439","0.0105805","Canada"
"220","Solid Clouds","SOLID.IC","834465","0.00116376","Iceland"
"221","Kuuhubb","KUU.V","712506","0.01","Canada"
"222","Tapinator","TAPM","673183","0.247","United States"
"223","Sozap","SOZAP.ST","602380","0.0270876","Sweden"
"224","T-Bull","TBL.WA","524856","0.441685","Poland"
"225","ATARI","ALATA.PA","336738","0.120426","France"
"226","GAME HOURS","6626.TWO","285836","0.0972769","Taiwan"
"227","Gaming Technologies (Gametech)","GMGT","27420","0.0006","United States"
"228","iEntertainment Network","IENT","13087","0.0001","United States"
"229","Gamer Pakistan","GPAK","12789","0.0005","United States"
"230","Freeze Tag","FRZT","7505","0.0001","United States"
"231","Virtual Interactive Technologies","VRVR","2475","0.0003","Bermuda"
